Texto,Predicción,Idioma Real
chacón alfonso vitae et res gestae pontificum romanorum et sre cardinalium ab initio nascentis ecclesiae vsque ad clementem ix pom em latim roma tomus tertius,Latin,Portugese
  vilhelmus van best roterodamus misit photographema erasmi miserabiliter iacentis in melissa n° anno p ,Dutch,Latin
stephanus famerie le latin et le grec dappien contribution á létude du lexique dun historien grec de rome genavae droz recensio critica alia recensio critica,French,Latin
johann heinrich zedler carl günther ludovici großes vollständiges universallexikon aller wissenschaften und künste send-si bd sp halle -,Dutch,Latin
inglismaa panga asejuhataja härra ralph kohtunik obadiah konferansjee yokahama tsirkuses sadamaametnik new yorgis ,English,Estonian
 ideen zu einer reinen phänomenologie und phänomenologischen philosophie erstes buch allgemeine einführung in die reine phänomenologie,Latin,Indonesian
baljci blažuj bogdašić borčani bukova gora bukovica cebara crvenice ćavarov stan dobrići donji brišnik eminovo selo galečić gornja prisika gornji brišnik grabovica jošanica kazaginac kolo kongora korita kovači krnjin kuk letka lipa liskovača lug mandino selo mesihovina mijakovo polje mokronoge mrkodol omerovići omolje oplećani pasić podgaj prisoje radoši rašćani rašeljke renići roško polje rošnjače sarajlije seonica srđani stipanjići šujica tomislavgrad vedašić vinica vojkovići vranjače vrilo zaljiće zaljut e zidine,Romanian,Latin
”نئی نسل کو دنیاوی مہارت ورثہ میں ملی وقت نہیں تھا یا دفاع کی رغبت نہیں تھی that readiness for war which had characterized the roman landowner disappeared now that ownership was concentrated in a few families and a proletariat without stake in the country filled the slums of rome۔” ص۔,English,Urdu
pengambilan gambar untuk film ini dilakukan di beberapa lokasi termasuk powhatan virginia virginia military institute vmi dan lexington virginia the films world premiere will be held on may at the gi film festival,English,Indonesian
jean-robert pitte porcos et suillas quaerendas de saint gras l'alpe no autumni p francogallice,French,Latin
 km a statione ferriviaria lutetiae minuti ferrovia statio rer magenta statio septentrionalis pour le rer e eole minuti in rer,French,Latin
система католических школ уиноны школа сент-мэри англ st marys primary school школа святого станислава англ st stanislaus elementary school cotter junior high school,English,Russian
김걸도혁金乞都革 김공소金公疎 김교합金咬哈 김다롱합金多弄哈 김마상개金麻尙介 김우리개金于里介 김상미金尙美 김아도을치金阿都乙赤 김아라金阿喇 김아랑합金阿郞哈 김아을가金阿乙加 김역류金易留 김우두金于豆 김우허내金右虛乃 김유리가金留里加 김윤적金允績 김이랑합金伊郞哈 김인을개金引乙介 김입성金入成 김주창개金主昌介 김지하리金之下里 김차독金箚禿 김지칭가金只稱哥 김자라노金者羅老,English,Korean
hercules and love affair new york merkezli dj andy butlerın müzikal bir projesi butler kim ann foxman mark pistel aérea negrot shaun wright ve nellyphant üyelerindendir,English,Turkish
 a volten  pp – akten des viii internationalen kongresses für papyrologie mper ,French,Latin
girolamo arnaldi papa formoso e gli imperatori della casa di spoleto  –,Portugese,Estonian
tentang produk tindakan dan topik lain dalam filsafat toim johannes brandl ja jan wolenski amsterdam rodopi tõlkinud ja kommenteerinud arthur szylewicz,Indonesian,Estonian
angela scheider auguste und carl von littrow detailstudie einer bürgerlichen familie des jahrhunderts dissertation universität wien ,French,Spanish
 al di meola эл ди меола  telarc jazz участник * в исполнении грынькива звучит партия бандуры в некоторых композициях,Indonesian,Russian
